train_loss_step,train_acc_step,epoch,step,val_loss,val_acc,train_loss_epoch,train_acc_epoch,test_loss,test_acc
0.6361778378486633,0.5666666626930237,0,49,,,,,,
0.4797549843788147,0.8666666746139526,0,99,,,,,,
0.4149056077003479,0.800000011920929,0,149,,,,,,
0.4557614326477051,0.7333333492279053,0,199,,,,,,
0.3682888150215149,0.800000011920929,0,249,,,,,,
0.3424946367740631,0.8666666746139526,0,299,,,,,,
0.24748198688030243,0.9333333373069763,0,349,,,,,,
0.33034107089042664,0.8666666746139526,0,399,,,,,,
0.28386327624320984,0.8666666746139526,0,449,,,,,,
0.3747410476207733,0.8333333134651184,0,499,,,,,,
0.3301392197608948,0.8666666746139526,0,549,,,,,,
0.22652430832386017,0.9666666388511658,0,599,,,,,,
0.2570593059062958,0.8999999761581421,0,649,,,,,,
0.11105868965387344,0.9666666388511658,0,699,,,,,,
0.23029789328575134,0.8999999761581421,0,749,,,,,,
0.2693398892879486,0.8666666746139526,0,799,,,,,,
0.3998940885066986,0.8333333134651184,0,849,,,,,,
0.3118123412132263,0.8333333134651184,0,899,,,,,,
0.3263433575630188,0.800000011920929,0,949,,,,,,
0.25654172897338867,0.8999999761581421,0,999,,,,,,
0.25114884972572327,0.8666666746139526,0,1049,,,,,,
0.14585581421852112,0.9666666388511658,0,1099,,,,,,
0.08815798163414001,1.0,0,1149,,,,,,
0.24312938749790192,0.9333333373069763,0,1199,,,,,,
0.1755005270242691,0.9333333373069763,0,1249,,,,,,
0.41477909684181213,0.8666666746139526,0,1299,,,,,,
0.27456942200660706,0.8999999761581421,0,1349,,,,,,
0.28769955039024353,0.8999999761581421,0,1399,,,,,,
0.28326353430747986,0.8333333134651184,0,1449,,,,,,
0.16915841400623322,0.9333333373069763,0,1499,,,,,,
0.3026949167251587,0.8666666746139526,0,1549,,,,,,
0.3293822705745697,0.7666666507720947,0,1599,,,,,,
0.10747664421796799,0.9666666388511658,0,1649,,,,,,
0.13288578391075134,0.9666666388511658,0,1699,,,,,,
0.17620012164115906,0.9666666388511658,0,1749,,,,,,
0.22172503173351288,0.8333333134651184,0,1799,,,,,,
0.25053608417510986,0.9333333373069763,0,1849,,,,,,
0.12361343950033188,0.9666666388511658,0,1899,,,,,,
0.11887305229902267,0.9333333373069763,0,1949,,,,,,
0.13604432344436646,0.9666666388511658,0,1999,,,,,,
0.2824000418186188,0.8999999761581421,0,2049,,,,,,
0.14939209818840027,0.9333333373069763,0,2099,,,,,,
0.11041072010993958,1.0,0,2149,,,,,,
0.3328000009059906,0.8333333134651184,0,2199,,,,,,
0.22977390885353088,0.8999999761581421,0,2249,,,,,,
0.17738297581672668,0.8999999761581421,0,2299,,,,,,
0.3586745858192444,0.8666666746139526,0,2349,,,,,,
0.09515264630317688,1.0,0,2399,,,,,,
0.21143871545791626,0.9333333373069763,0,2449,,,,,,
0.2181813269853592,0.8999999761581421,0,2499,,,,,,
0.04100160300731659,1.0,0,2549,,,,,,
0.25591516494750977,0.8666666746139526,0,2599,,,,,,
0.15346749126911163,0.9333333373069763,0,2649,,,,,,
0.4131978452205658,0.7666666507720947,0,2699,,,,,,
0.18873277306556702,0.8999999761581421,0,2749,,,,,,
0.22022217512130737,0.8999999761581421,0,2799,,,,,,
0.18671534955501556,0.8999999761581421,0,2849,,,,,,
0.17223840951919556,0.9666666388511658,0,2899,,,,,,
0.24776266515254974,0.9333333373069763,0,2949,,,,,,
0.15596657991409302,0.9333333373069763,0,2999,,,,,,
0.21522578597068787,0.8666666746139526,0,3049,,,,,,
0.31224313378334045,0.8999999761581421,0,3099,,,,,,
0.24164390563964844,0.8666666746139526,0,3149,,,,,,
0.1374794989824295,0.9333333373069763,0,3199,,,,,,
0.24042925238609314,0.9333333373069763,0,3249,,,,,,
0.2015301138162613,0.8999999761581421,0,3299,,,,,,
0.33177369832992554,0.8999999761581421,0,3349,,,,,,
0.07725444436073303,1.0,0,3399,,,,,,
0.4330911934375763,0.8999999761581421,0,3449,,,,,,
0.1490974724292755,0.9333333373069763,0,3499,,,,,,
0.17357037961483002,0.8999999761581421,0,3549,,,,,,
0.2292972207069397,0.8666666746139526,0,3599,,,,,,
0.18986673653125763,0.8999999761581421,0,3649,,,,,,
0.19557829201221466,0.8999999761581421,0,3699,,,,,,
0.1992611289024353,0.8666666746139526,0,3749,,,,,,
0.15410774946212769,0.9333333373069763,0,3799,,,,,,
0.10801967978477478,0.9333333373069763,0,3849,,,,,,
0.21305818855762482,0.8999999761581421,0,3899,,,,,,
0.15268529951572418,0.9333333373069763,0,3949,,,,,,
0.1187233179807663,0.9333333373069763,0,3999,,,,,,
0.15897426009178162,0.9666666388511658,0,4049,,,,,,
0.21589994430541992,0.8999999761581421,0,4099,,,,,,
0.1620893031358719,0.8999999761581421,0,4149,,,,,,
0.1139998733997345,0.9333333373069763,0,4199,,,,,,
0.056273140013217926,1.0,0,4249,,,,,,
0.14204953610897064,0.8999999761581421,0,4299,,,,,,
0.14990253746509552,0.8666666746139526,0,4349,,,,,,
0.16699926555156708,0.9333333373069763,0,4399,,,,,,
0.08577112853527069,0.9333333373069763,0,4449,,,,,,
0.2208360880613327,0.8666666746139526,0,4499,,,,,,
0.11568107455968857,0.9666666388511658,0,4549,,,,,,
0.09671781957149506,0.9333333373069763,0,4599,,,,,,
0.12909652292728424,0.9333333373069763,0,4649,,,,,,
0.10539178550243378,0.9333333373069763,0,4699,,,,,,
0.15555663406848907,0.8999999761581421,0,4749,,,,,,
0.2755170166492462,0.8333333134651184,0,4799,,,,,,
0.10053779184818268,0.8999999761581421,0,4849,,,,,,
0.26453688740730286,0.8666666746139526,0,4899,,,,,,
0.05349825695157051,1.0,0,4949,,,,,,
0.10134216398000717,0.9666666388511658,0,4999,,,,,,
0.1641479879617691,0.9333333373069763,0,5049,,,,,,
0.0897943526506424,0.9666666388511658,0,5099,,,,,,
0.08123961836099625,1.0,0,5149,,,,,,
0.15408271551132202,0.9666666388511658,0,5199,,,,,,
0.13582728803157806,0.9333333373069763,0,5249,,,,,,
0.07490598410367966,1.0,0,5299,,,,,,
0.13366051018238068,0.9333333373069763,0,5349,,,,,,
0.1675483137369156,0.9333333373069763,0,5399,,,,,,
0.16469497978687286,0.8999999761581421,0,5449,,,,,,
0.11691557615995407,0.9666666388511658,0,5499,,,,,,
0.09613142907619476,1.0,0,5549,,,,,,
0.1017082929611206,0.9666666388511658,0,5599,,,,,,
0.23249629139900208,0.8666666746139526,0,5649,,,,,,
0.19905589520931244,0.9333333373069763,0,5699,,,,,,
0.43960854411125183,0.8333333134651184,0,5749,,,,,,
0.10746795684099197,1.0,0,5799,,,,,,
0.06980211287736893,1.0,0,5849,,,,,,
0.19209299981594086,0.9333333373069763,0,5899,,,,,,
0.20061542093753815,0.9666666388511658,0,5949,,,,,,
0.4285973012447357,0.800000011920929,0,5999,,,,,,
,,0,6030,0.09146381169557571,0.970077395439148,,,,
,,0,6030,,,0.21253205835819244,0.9027524590492249,,
0.16855813562870026,0.8999999761581421,1,6049,,,,,,
0.4554313123226166,0.8333333134651184,1,6099,,,,,,
0.24218176305294037,0.8999999761581421,1,6149,,,,,,
0.13850551843643188,0.9333333373069763,1,6199,,,,,,
0.1602160781621933,1.0,1,6249,,,,,,
0.05575978383421898,0.9666666388511658,1,6299,,,,,,
0.12664487957954407,0.9666666388511658,1,6349,,,,,,
0.21769315004348755,0.9333333373069763,1,6399,,,,,,
0.16672632098197937,0.9666666388511658,1,6449,,,,,,
0.15589122474193573,0.9333333373069763,1,6499,,,,,,
0.1299515813589096,0.9666666388511658,1,6549,,,,,,
0.1383102536201477,0.9333333373069763,1,6599,,,,,,
0.07782628387212753,1.0,1,6649,,,,,,
0.19329343736171722,0.8999999761581421,1,6699,,,,,,
0.18851010501384735,0.8666666746139526,1,6749,,,,,,
0.2567761540412903,0.8999999761581421,1,6799,,,,,,
0.04965633898973465,0.9666666388511658,1,6849,,,,,,
0.10528605431318283,0.9666666388511658,1,6899,,,,,,
0.20867742598056793,0.8666666746139526,1,6949,,,,,,
0.12542562186717987,0.9333333373069763,1,6999,,,,,,
0.1606941670179367,0.9333333373069763,1,7049,,,,,,
0.14035819470882416,0.9333333373069763,1,7099,,,,,,
0.10353268682956696,0.9333333373069763,1,7149,,,,,,
0.1430777609348297,0.9666666388511658,1,7199,,,,,,
0.09985888004302979,1.0,1,7249,,,,,,
0.13435125350952148,0.9666666388511658,1,7299,,,,,,
0.09938706457614899,0.9666666388511658,1,7349,,,,,,
0.15066643059253693,0.9333333373069763,1,7399,,,,,,
0.16053363680839539,0.9333333373069763,1,7449,,,,,,
0.10143565386533737,1.0,1,7499,,,,,,
0.1420808583498001,0.9333333373069763,1,7549,,,,,,
0.04988599941134453,1.0,1,7599,,,,,,
0.11638066172599792,0.9333333373069763,1,7649,,,,,,
0.16519694030284882,0.9333333373069763,1,7699,,,,,,
0.23103274405002594,0.9666666388511658,1,7749,,,,,,
0.21994648873806,0.9333333373069763,1,7799,,,,,,
0.05427116900682449,0.9666666388511658,1,7849,,,,,,
0.6143685579299927,0.8333333134651184,1,7899,,,,,,
0.130063995718956,0.9666666388511658,1,7949,,,,,,
0.09600081294775009,0.9666666388511658,1,7999,,,,,,
0.1536826193332672,0.8999999761581421,1,8049,,,,,,
0.10966169089078903,0.9666666388511658,1,8099,,,,,,
0.1392190158367157,0.9333333373069763,1,8149,,,,,,
0.20290248095989227,0.9333333373069763,1,8199,,,,,,
0.0939580425620079,0.9666666388511658,1,8249,,,,,,
0.2895267605781555,0.8999999761581421,1,8299,,,,,,
0.617987871170044,0.7333333492279053,1,8349,,,,,,
0.18592143058776855,0.8999999761581421,1,8399,,,,,,
0.09098924696445465,0.9666666388511658,1,8449,,,,,,
0.21023927628993988,0.8999999761581421,1,8499,,,,,,
0.10684705525636673,1.0,1,8549,,,,,,
0.1637907475233078,0.8999999761581421,1,8599,,,,,,
0.21267323195934296,0.9333333373069763,1,8649,,,,,,
0.08103130012750626,1.0,1,8699,,,,,,
0.15607863664627075,0.9333333373069763,1,8749,,,,,,
0.10832402855157852,0.9666666388511658,1,8799,,,,,,
0.21881891787052155,0.8999999761581421,1,8849,,,,,,
0.20882967114448547,0.8999999761581421,1,8899,,,,,,
0.11361605674028397,0.9666666388511658,1,8949,,,,,,
0.12599490582942963,0.9333333373069763,1,8999,,,,,,
0.17366580665111542,0.9333333373069763,1,9049,,,,,,
0.09095250815153122,1.0,1,9099,,,,,,
0.21800895035266876,0.9333333373069763,1,9149,,,,,,
0.10843472927808762,1.0,1,9199,,,,,,
0.30626600980758667,0.8999999761581421,1,9249,,,,,,
0.2156561017036438,0.8999999761581421,1,9299,,,,,,
0.15825648605823517,0.9333333373069763,1,9349,,,,,,
0.28122586011886597,0.8666666746139526,1,9399,,,,,,
0.1552860289812088,0.9666666388511658,1,9449,,,,,,
0.20360983908176422,0.8666666746139526,1,9499,,,,,,
0.06238662078976631,1.0,1,9549,,,,,,
0.06149144098162651,0.9666666388511658,1,9599,,,,,,
0.19248929619789124,0.8999999761581421,1,9649,,,,,,
0.15522757172584534,0.8666666746139526,1,9699,,,,,,
0.26296675205230713,0.9333333373069763,1,9749,,,,,,
0.08038728684186935,0.9333333373069763,1,9799,,,,,,
0.14284656941890717,0.9333333373069763,1,9849,,,,,,
0.09335669130086899,1.0,1,9899,,,,,,
0.19700287282466888,0.9666666388511658,1,9949,,,,,,
0.45076093077659607,0.800000011920929,1,9999,,,,,,
0.1427522599697113,0.8999999761581421,1,10049,,,,,,
0.20770856738090515,0.9333333373069763,1,10099,,,,,,
0.1729104369878769,0.9333333373069763,1,10149,,,,,,
0.12452508509159088,0.9333333373069763,1,10199,,,,,,
0.029900724068284035,1.0,1,10249,,,,,,
0.09298532456159592,0.9666666388511658,1,10299,,,,,,
0.25941354036331177,0.8999999761581421,1,10349,,,,,,
0.13324174284934998,0.9333333373069763,1,10399,,,,,,
0.14956359565258026,0.9666666388511658,1,10449,,,,,,
0.21769028902053833,0.8666666746139526,1,10499,,,,,,
0.22958017885684967,0.8999999761581421,1,10549,,,,,,
0.06690671294927597,1.0,1,10599,,,,,,
0.11096315085887909,0.9666666388511658,1,10649,,,,,,
0.1818397343158722,0.9666666388511658,1,10699,,,,,,
0.10587086528539658,0.9666666388511658,1,10749,,,,,,
0.21831057965755463,0.8666666746139526,1,10799,,,,,,
0.15924368798732758,0.9666666388511658,1,10849,,,,,,
0.11221219599246979,0.9666666388511658,1,10899,,,,,,
0.13306260108947754,1.0,1,10949,,,,,,
0.17023688554763794,0.9333333373069763,1,10999,,,,,,
0.1467655450105667,0.9666666388511658,1,11049,,,,,,
0.1815197616815567,0.9666666388511658,1,11099,,,,,,
0.1393570750951767,0.9333333373069763,1,11149,,,,,,
0.23634862899780273,0.8999999761581421,1,11199,,,,,,
0.0833677276968956,0.9666666388511658,1,11249,,,,,,
0.2472955882549286,0.9333333373069763,1,11299,,,,,,
0.2775598466396332,0.8666666746139526,1,11349,,,,,,
0.16632573306560516,0.9333333373069763,1,11399,,,,,,
0.12298696488142014,0.9333333373069763,1,11449,,,,,,
0.10249107331037521,0.9666666388511658,1,11499,,,,,,
0.14949728548526764,0.9333333373069763,1,11549,,,,,,
0.07759051769971848,0.9666666388511658,1,11599,,,,,,
0.15330424904823303,0.9666666388511658,1,11649,,,,,,
0.03643301874399185,1.0,1,11699,,,,,,
0.20915822684764862,0.9333333373069763,1,11749,,,,,,
0.15884213149547577,0.9666666388511658,1,11799,,,,,,
0.04231848567724228,1.0,1,11849,,,,,,
0.06913869827985764,1.0,1,11899,,,,,,
0.3015602231025696,0.8666666746139526,1,11949,,,,,,
0.053412988781929016,0.9666666388511658,1,11999,,,,,,
0.10331613570451736,0.9666666388511658,1,12049,,,,,,
,,1,12061,0.0840093195438385,0.9674468040466309,,,,
,,1,12061,,,0.15946000814437866,0.9406676888465881,,
0.13200262188911438,0.8999999761581421,2,12099,,,,,,
0.10282085090875626,0.9666666388511658,2,12149,,,,,,
0.38837358355522156,0.8666666746139526,2,12199,,,,,,
0.09943373501300812,0.9333333373069763,2,12249,,,,,,
0.06856606155633926,1.0,2,12299,,,,,,
0.14689914882183075,0.9333333373069763,2,12349,,,,,,
0.22289200127124786,0.9333333373069763,2,12399,,,,,,
0.1299070119857788,0.8999999761581421,2,12449,,,,,,
0.5636488795280457,0.6666666865348816,2,12499,,,,,,
0.14206209778785706,0.9333333373069763,2,12549,,,,,,
0.10158896446228027,0.9666666388511658,2,12599,,,,,,
0.16602900624275208,0.8999999761581421,2,12649,,,,,,
0.11495570093393326,1.0,2,12699,,,,,,
0.1489679217338562,0.8666666746139526,2,12749,,,,,,
0.09901439398527145,0.9666666388511658,2,12799,,,,,,
0.12878023087978363,0.9333333373069763,2,12849,,,,,,
0.20910899341106415,0.8999999761581421,2,12899,,,,,,
0.23388120532035828,0.8999999761581421,2,12949,,,,,,
0.12437061220407486,0.9333333373069763,2,12999,,,,,,
0.021135566756129265,1.0,2,13049,,,,,,
0.09688492864370346,1.0,2,13099,,,,,,
0.09945098310709,0.9333333373069763,2,13149,,,,,,
0.3062571585178375,0.9666666388511658,2,13199,,,,,,
0.11766532808542252,0.9666666388511658,2,13249,,,,,,
0.14469239115715027,0.9333333373069763,2,13299,,,,,,
0.13568077981472015,0.8999999761581421,2,13349,,,,,,
0.18592658638954163,0.8666666746139526,2,13399,,,,,,
0.19141755998134613,0.9333333373069763,2,13449,,,,,,
0.1356186419725418,0.9666666388511658,2,13499,,,,,,
0.24671430885791779,0.8999999761581421,2,13549,,,,,,
0.08007638156414032,0.9666666388511658,2,13599,,,,,,
0.1216050311923027,0.9666666388511658,2,13649,,,,,,
0.08642848581075668,1.0,2,13699,,,,,,
0.11046325415372849,0.9666666388511658,2,13749,,,,,,
0.1506381332874298,0.9333333373069763,2,13799,,,,,,
0.11279124766588211,0.8999999761581421,2,13849,,,,,,
0.16199253499507904,0.9333333373069763,2,13899,,,,,,
0.13258923590183258,0.9666666388511658,2,13949,,,,,,
0.16699828207492828,0.8999999761581421,2,13999,,,,,,
0.1287187933921814,0.9666666388511658,2,14049,,,,,,
0.23711487650871277,0.8666666746139526,2,14099,,,,,,
0.058960843831300735,1.0,2,14149,,,,,,
0.12274038046598434,0.9333333373069763,2,14199,,,,,,
0.1074342206120491,0.9333333373069763,2,14249,,,,,,
0.19411009550094604,0.8999999761581421,2,14299,,,,,,
0.4737689793109894,0.8333333134651184,2,14349,,,,,,
0.11884374916553497,0.9666666388511658,2,14399,,,,,,
0.40769609808921814,0.8333333134651184,2,14449,,,,,,
0.08831162750720978,0.9333333373069763,2,14499,,,,,,
0.1082257404923439,0.9333333373069763,2,14549,,,,,,
0.08736884593963623,1.0,2,14599,,,,,,
0.4105466902256012,0.8666666746139526,2,14649,,,,,,
0.06474354863166809,1.0,2,14699,,,,,,
0.11172441393136978,0.9666666388511658,2,14749,,,,,,
0.2501552700996399,0.8999999761581421,2,14799,,,,,,
0.20292934775352478,0.9666666388511658,2,14849,,,,,,
0.08786547183990479,0.9666666388511658,2,14899,,,,,,
0.160111203789711,0.9333333373069763,2,14949,,,,,,
0.5902761220932007,0.8666666746139526,2,14999,,,,,,
0.12823010981082916,0.9666666388511658,2,15049,,,,,,
0.07207237929105759,1.0,2,15099,,,,,,
0.0501711368560791,1.0,2,15149,,,,,,
0.0451292060315609,1.0,2,15199,,,,,,
0.1715923398733139,0.9666666388511658,2,15249,,,,,,
0.1610468477010727,0.8666666746139526,2,15299,,,,,,
0.1146329939365387,1.0,2,15349,,,,,,
0.10570108145475388,0.9333333373069763,2,15399,,,,,,
0.17376230657100677,0.8999999761581421,2,15449,,,,,,
0.1991565078496933,0.8999999761581421,2,15499,,,,,,
0.09735902398824692,0.9666666388511658,2,15549,,,,,,
0.10287503153085709,0.9666666388511658,2,15599,,,,,,
0.14811964333057404,0.9666666388511658,2,15649,,,,,,
0.11705649644136429,0.9666666388511658,2,15699,,,,,,
0.10465002804994583,0.9666666388511658,2,15749,,,,,,
0.05068635195493698,0.9666666388511658,2,15799,,,,,,
0.11542269587516785,0.9333333373069763,2,15849,,,,,,
0.28311505913734436,0.9333333373069763,2,15899,,,,,,
0.09531799703836441,0.9666666388511658,2,15949,,,,,,
0.13418106734752655,0.9333333373069763,2,15999,,,,,,
0.12684476375579834,0.9333333373069763,2,16049,,,,,,
0.2220054417848587,0.9666666388511658,2,16099,,,,,,
0.1549748331308365,0.9333333373069763,2,16149,,,,,,
0.1188659593462944,0.9666666388511658,2,16199,,,,,,
0.11849675327539444,0.9666666388511658,2,16249,,,,,,
0.18122942745685577,0.8999999761581421,2,16299,,,,,,
0.27170321345329285,0.8999999761581421,2,16349,,,,,,
0.19102025032043457,0.8999999761581421,2,16399,,,,,,
0.026377087458968163,1.0,2,16449,,,,,,
0.06639791280031204,1.0,2,16499,,,,,,
0.35692736506462097,0.8999999761581421,2,16549,,,,,,
0.23544102907180786,0.8333333134651184,2,16599,,,,,,
0.2007281482219696,0.8999999761581421,2,16649,,,,,,
0.11650136858224869,0.9666666388511658,2,16699,,,,,,
0.13787876069545746,0.9666666388511658,2,16749,,,,,,
0.14941008388996124,0.9666666388511658,2,16799,,,,,,
0.3357049822807312,0.8333333134651184,2,16849,,,,,,
0.09255104511976242,0.9666666388511658,2,16899,,,,,,
0.07351922243833542,0.9666666388511658,2,16949,,,,,,
0.11530111730098724,0.9333333373069763,2,16999,,,,,,
0.10711417347192764,0.9333333373069763,2,17049,,,,,,
0.19298706948757172,0.9333333373069763,2,17099,,,,,,
0.04399534687399864,1.0,2,17149,,,,,,
0.11401443183422089,0.9333333373069763,2,17199,,,,,,
0.07127630710601807,0.9666666388511658,2,17249,,,,,,
0.11442845314741135,0.9333333373069763,2,17299,,,,,,
0.08411625772714615,1.0,2,17349,,,,,,
0.10247743874788284,0.9333333373069763,2,17399,,,,,,
0.31647905707359314,0.8666666746139526,2,17449,,,,,,
0.11606109887361526,0.9666666388511658,2,17499,,,,,,
0.10247321426868439,1.0,2,17549,,,,,,
0.09338251501321793,1.0,2,17599,,,,,,
0.13329912722110748,0.9666666388511658,2,17649,,,,,,
0.18471965193748474,0.9333333373069763,2,17699,,,,,,
0.1858578324317932,0.9333333373069763,2,17749,,,,,,
0.13300365209579468,0.9333333373069763,2,17799,,,,,,
0.1643005907535553,0.8999999761581421,2,17849,,,,,,
0.09006195515394211,0.9666666388511658,2,17899,,,,,,
0.21883465349674225,0.8666666746139526,2,17949,,,,,,
0.09292344003915787,1.0,2,17999,,,,,,
0.05886043235659599,0.9666666388511658,2,18049,,,,,,
,,2,18092,0.08185762166976929,0.9650870561599731,,,,
,,2,18092,,,0.15286697447299957,0.9415077567100525,,
0.18943732976913452,0.8999999761581421,3,18099,,,,,,
0.1433653086423874,0.9666666388511658,3,18149,,,,,,
0.2829879820346832,0.9333333373069763,3,18199,,,,,,
0.06529083102941513,1.0,3,18249,,,,,,
0.137971892952919,0.9666666388511658,3,18299,,,,,,
0.1401079297065735,0.9333333373069763,3,18349,,,,,,
0.12525340914726257,0.9333333373069763,3,18399,,,,,,
0.09454891830682755,0.9666666388511658,3,18449,,,,,,
0.07844282686710358,0.9333333373069763,3,18499,,,,,,
0.045729152858257294,1.0,3,18549,,,,,,
0.2618007957935333,0.9666666388511658,3,18599,,,,,,
0.09448401629924774,0.9666666388511658,3,18649,,,,,,
0.05771143361926079,0.9666666388511658,3,18699,,,,,,
0.18997758626937866,0.9333333373069763,3,18749,,,,,,
0.14182905852794647,0.9666666388511658,3,18799,,,,,,
0.18618836998939514,0.8666666746139526,3,18849,,,,,,
0.15775707364082336,0.9333333373069763,3,18899,,,,,,
0.12969429790973663,0.8999999761581421,3,18949,,,,,,
0.20189520716667175,0.9333333373069763,3,18999,,,,,,
0.1016656830906868,1.0,3,19049,,,,,,
0.10758277773857117,0.9666666388511658,3,19099,,,,,,
0.07920278608798981,0.9666666388511658,3,19149,,,,,,
0.09807448834180832,1.0,3,19199,,,,,,
0.0754559189081192,1.0,3,19249,,,,,,
0.20160776376724243,0.8666666746139526,3,19299,,,,,,
0.1311994343996048,0.9666666388511658,3,19349,,,,,,
0.1335722804069519,0.9333333373069763,3,19399,,,,,,
0.12576957046985626,1.0,3,19449,,,,,,
0.12825734913349152,1.0,3,19499,,,,,,
0.03031732887029648,1.0,3,19549,,,,,,
0.2473205178976059,0.9333333373069763,3,19599,,,,,,
0.11023548245429993,0.9666666388511658,3,19649,,,,,,
0.31240376830101013,0.8666666746139526,3,19699,,,,,,
0.2664913535118103,0.8999999761581421,3,19749,,,,,,
0.2213314175605774,0.9333333373069763,3,19799,,,,,,
0.08470316231250763,0.9666666388511658,3,19849,,,,,,
0.10399569571018219,1.0,3,19899,,,,,,
0.08378129452466965,0.9333333373069763,3,19949,,,,,,
0.20895130932331085,0.9333333373069763,3,19999,,,,,,
0.06032455712556839,0.9666666388511658,3,20049,,,,,,
0.09498564153909683,0.9666666388511658,3,20099,,,,,,
0.11623845994472504,0.9666666388511658,3,20149,,,,,,
0.056712806224823,1.0,3,20199,,,,,,
0.14372242987155914,0.8999999761581421,3,20249,,,,,,
0.09256524592638016,0.9666666388511658,3,20299,,,,,,
0.23022858798503876,0.9333333373069763,3,20349,,,,,,
0.06059463694691658,0.9666666388511658,3,20399,,,,,,
0.1650427132844925,0.9333333373069763,3,20449,,,,,,
0.06664092093706131,1.0,3,20499,,,,,,
0.12707427144050598,0.9333333373069763,3,20549,,,,,,
0.09018035233020782,0.9666666388511658,3,20599,,,,,,
0.1291283816099167,0.9333333373069763,3,20649,,,,,,
0.023767374455928802,1.0,3,20699,,,,,,
0.11563137918710709,0.9666666388511658,3,20749,,,,,,
0.11080457270145416,0.9666666388511658,3,20799,,,,,,
0.48223942518234253,0.8666666746139526,3,20849,,,,,,
0.16568762063980103,0.9333333373069763,3,20899,,,,,,
0.37227004766464233,0.8999999761581421,3,20949,,,,,,
0.12782974541187286,0.9666666388511658,3,20999,,,,,,
0.16385897994041443,0.8999999761581421,3,21049,,,,,,
0.2673107981681824,0.8333333134651184,3,21099,,,,,,
0.05530489608645439,1.0,3,21149,,,,,,
0.13932548463344574,0.9333333373069763,3,21199,,,,,,
0.14493729174137115,0.9333333373069763,3,21249,,,,,,
0.1253470778465271,0.9666666388511658,3,21299,,,,,,
0.1543852984905243,0.9333333373069763,3,21349,,,,,,
0.20296476781368256,0.8999999761581421,3,21399,,,,,,
0.0920831710100174,0.9666666388511658,3,21449,,,,,,
0.09970036894083023,0.9333333373069763,3,21499,,,,,,
0.12947066128253937,0.8999999761581421,3,21549,,,,,,
0.3376992344856262,0.8666666746139526,3,21599,,,,,,
0.3035510182380676,0.8999999761581421,3,21649,,,,,,
0.2289680540561676,0.8999999761581421,3,21699,,,,,,
0.12640434503555298,0.9666666388511658,3,21749,,,,,,
0.15226125717163086,0.8999999761581421,3,21799,,,,,,
0.06057674065232277,1.0,3,21849,,,,,,
0.10416869819164276,0.9666666388511658,3,21899,,,,,,
0.0960354432463646,0.9666666388511658,3,21949,,,,,,
0.057094912976026535,1.0,3,21999,,,,,,
0.1182229071855545,0.9333333373069763,3,22049,,,,,,
0.28545284271240234,0.8666666746139526,3,22099,,,,,,
0.085283562541008,0.9333333373069763,3,22149,,,,,,
0.2282053679227829,0.8999999761581421,3,22199,,,,,,
0.3136241137981415,0.8666666746139526,3,22249,,,,,,
0.0876745879650116,0.9666666388511658,3,22299,,,,,,
0.08294498920440674,0.9666666388511658,3,22349,,,,,,
0.1751403659582138,0.8999999761581421,3,22399,,,,,,
0.22966814041137695,0.9333333373069763,3,22449,,,,,,
0.0587393082678318,0.9666666388511658,3,22499,,,,,,
0.15495739877223969,0.8666666746139526,3,22549,,,,,,
0.09569618850946426,0.9666666388511658,3,22599,,,,,,
0.0931500643491745,0.9666666388511658,3,22649,,,,,,
0.1624390333890915,0.8999999761581421,3,22699,,,,,,
0.08183470368385315,0.9666666388511658,3,22749,,,,,,
0.11371438950300217,0.9333333373069763,3,22799,,,,,,
0.3493710160255432,0.9333333373069763,3,22849,,,,,,
0.09449660032987595,1.0,3,22899,,,,,,
0.06347641348838806,1.0,3,22949,,,,,,
0.16644605994224548,0.9333333373069763,3,22999,,,,,,
0.20826244354248047,0.8666666746139526,3,23049,,,,,,
0.22217346727848053,0.8666666746139526,3,23099,,,,,,
0.08109479397535324,1.0,3,23149,,,,,,
0.06988219916820526,0.9666666388511658,3,23199,,,,,,
0.11273778975009918,0.9666666388511658,3,23249,,,,,,
0.06448642909526825,1.0,3,23299,,,,,,
0.1632494181394577,0.9333333373069763,3,23349,,,,,,
0.2269810289144516,0.8333333134651184,3,23399,,,,,,
0.08359777182340622,0.9666666388511658,3,23449,,,,,,
0.1112513393163681,0.9333333373069763,3,23499,,,,,,
0.2962951958179474,0.8666666746139526,3,23549,,,,,,
0.19118817150592804,0.8999999761581421,3,23599,,,,,,
0.033273011445999146,1.0,3,23649,,,,,,
0.19457890093326569,0.8999999761581421,3,23699,,,,,,
0.13880303502082825,0.9666666388511658,3,23749,,,,,,
0.09573188424110413,1.0,3,23799,,,,,,
0.13915258646011353,0.9666666388511658,3,23849,,,,,,
0.09573718160390854,0.9333333373069763,3,23899,,,,,,
0.10693001002073288,0.9666666388511658,3,23949,,,,,,
0.1473972201347351,0.9666666388511658,3,23999,,,,,,
0.23189982771873474,0.8666666746139526,3,24049,,,,,,
0.11512506753206253,0.9333333373069763,3,24099,,,,,,
,,3,24123,0.07901912927627563,0.9676015377044678,,,,
,,3,24123,,,0.1495492160320282,0.9420604705810547,,
0.08148464560508728,0.9666666388511658,4,24149,,,,,,
0.14059223234653473,0.8999999761581421,4,24199,,,,,,
0.15591716766357422,0.9333333373069763,4,24249,,,,,,
0.3271649479866028,0.8999999761581421,4,24299,,,,,,
0.13540618121623993,0.9333333373069763,4,24349,,,,,,
0.37842077016830444,0.8999999761581421,4,24399,,,,,,
0.04001196473836899,1.0,4,24449,,,,,,
0.0639229491353035,0.9666666388511658,4,24499,,,,,,
0.09516923129558563,0.9666666388511658,4,24549,,,,,,
0.1749919354915619,0.8999999761581421,4,24599,,,,,,
0.12410546094179153,1.0,4,24649,,,,,,
0.11249049007892609,0.9333333373069763,4,24699,,,,,,
0.09345893561840057,1.0,4,24749,,,,,,
0.2337450385093689,0.8999999761581421,4,24799,,,,,,
0.11538629233837128,0.9666666388511658,4,24849,,,,,,
0.15114550292491913,0.9333333373069763,4,24899,,,,,,
0.1751985251903534,0.8999999761581421,4,24949,,,,,,
0.04694770276546478,1.0,4,24999,,,,,,
0.20145052671432495,0.9333333373069763,4,25049,,,,,,
0.10689862072467804,1.0,4,25099,,,,,,
0.22010786831378937,0.8999999761581421,4,25149,,,,,,
0.07424347847700119,0.9666666388511658,4,25199,,,,,,
0.19565358757972717,0.9333333373069763,4,25249,,,,,,
0.11842227727174759,0.9666666388511658,4,25299,,,,,,
0.15804627537727356,0.9666666388511658,4,25349,,,,,,
0.3050827085971832,0.8666666746139526,4,25399,,,,,,
0.14614470303058624,0.9333333373069763,4,25449,,,,,,
0.12749965488910675,0.9333333373069763,4,25499,,,,,,
0.1000765711069107,0.9333333373069763,4,25549,,,,,,
0.16303801536560059,0.9333333373069763,4,25599,,,,,,
0.19749604165554047,0.9666666388511658,4,25649,,,,,,
0.08128366619348526,0.9666666388511658,4,25699,,,,,,
0.17065860331058502,0.9333333373069763,4,25749,,,,,,
0.09850803017616272,0.9666666388511658,4,25799,,,,,,
0.06255307048559189,1.0,4,25849,,,,,,
0.11917022615671158,0.9666666388511658,4,25899,,,,,,
0.05990735813975334,1.0,4,25949,,,,,,
0.4548089802265167,0.8666666746139526,4,25999,,,,,,
0.2668808102607727,0.8999999761581421,4,26049,,,,,,
0.1642121970653534,0.9333333373069763,4,26099,,,,,,
0.12294790148735046,0.9666666388511658,4,26149,,,,,,
0.16615113615989685,0.9333333373069763,4,26199,,,,,,
0.08367478102445602,1.0,4,26249,,,,,,
0.07013295590877533,1.0,4,26299,,,,,,
0.05347699671983719,1.0,4,26349,,,,,,
0.1625259667634964,0.8999999761581421,4,26399,,,,,,
0.10806706547737122,0.9333333373069763,4,26449,,,,,,
0.08066554367542267,0.9666666388511658,4,26499,,,,,,
0.08632142841815948,0.9333333373069763,4,26549,,,,,,
0.15721914172172546,0.9333333373069763,4,26599,,,,,,
0.1628071516752243,0.9333333373069763,4,26649,,,,,,
0.1614299863576889,0.9333333373069763,4,26699,,,,,,
0.27215322852134705,0.8999999761581421,4,26749,,,,,,
0.22271712124347687,0.9666666388511658,4,26799,,,,,,
0.1864975392818451,0.8999999761581421,4,26849,,,,,,
1.227530598640442,0.800000011920929,4,26899,,,,,,
0.1625145971775055,0.9333333373069763,4,26949,,,,,,
0.18672071397304535,0.9333333373069763,4,26999,,,,,,
0.07037942856550217,1.0,4,27049,,,,,,
0.07075728476047516,1.0,4,27099,,,,,,
0.02246963419020176,1.0,4,27149,,,,,,
0.13757763803005219,0.9333333373069763,4,27199,,,,,,
0.08695709705352783,1.0,4,27249,,,,,,
0.1566968560218811,0.8999999761581421,4,27299,,,,,,
0.149105966091156,0.9333333373069763,4,27349,,,,,,
0.07324504852294922,0.9666666388511658,4,27399,,,,,,
0.12815377116203308,0.9333333373069763,4,27449,,,,,,
0.10762026906013489,0.9333333373069763,4,27499,,,,,,
0.1059521809220314,0.9333333373069763,4,27549,,,,,,
0.05113253742456436,1.0,4,27599,,,,,,
0.06828374415636063,0.9666666388511658,4,27649,,,,,,
0.07335223257541656,1.0,4,27699,,,,,,
0.1197149008512497,0.9333333373069763,4,27749,,,,,,
0.08055607974529266,0.9666666388511658,4,27799,,,,,,
0.13515932857990265,0.9666666388511658,4,27849,,,,,,
0.2519374191761017,0.8333333134651184,4,27899,,,,,,
0.11450768262147903,0.9333333373069763,4,27949,,,,,,
0.09542176872491837,0.9666666388511658,4,27999,,,,,,
0.11726619303226471,0.9333333373069763,4,28049,,,,,,
0.07497434318065643,0.9666666388511658,4,28099,,,,,,
0.10300157964229584,1.0,4,28149,,,,,,
0.1185247078537941,0.9666666388511658,4,28199,,,,,,
0.20580223202705383,0.8999999761581421,4,28249,,,,,,
0.25163373351097107,0.9333333373069763,4,28299,,,,,,
0.1619030386209488,0.8666666746139526,4,28349,,,,,,
0.07971952855587006,0.9666666388511658,4,28399,,,,,,
0.10620515793561935,0.9333333373069763,4,28449,,,,,,
0.06471271067857742,1.0,4,28499,,,,,,
0.1577574759721756,0.8999999761581421,4,28549,,,,,,
0.07452894747257233,1.0,4,28599,,,,,,
0.16164328157901764,0.8666666746139526,4,28649,,,,,,
0.06840011477470398,1.0,4,28699,,,,,,
0.043638844043016434,1.0,4,28749,,,,,,
0.22698572278022766,0.8666666746139526,4,28799,,,,,,
0.11140652745962143,0.9666666388511658,4,28849,,,,,,
0.05421174317598343,0.9666666388511658,4,28899,,,,,,
0.18327587842941284,0.8999999761581421,4,28949,,,,,,
0.09005306661128998,0.9666666388511658,4,28999,,,,,,
0.03462614864110947,1.0,4,29049,,,,,,
0.10742118954658508,0.9333333373069763,4,29099,,,,,,
0.31702205538749695,0.8999999761581421,4,29149,,,,,,
0.06371419131755829,1.0,4,29199,,,,,,
0.08198366314172745,0.9666666388511658,4,29249,,,,,,
0.22649073600769043,0.800000011920929,4,29299,,,,,,
0.06911936402320862,1.0,4,29349,,,,,,
0.13552530109882355,0.9333333373069763,4,29399,,,,,,
0.13003955781459808,0.9333333373069763,4,29449,,,,,,
0.1527039110660553,0.9333333373069763,4,29499,,,,,,
0.04258207976818085,1.0,4,29549,,,,,,
0.0890638455748558,0.8999999761581421,4,29599,,,,,,
0.39147549867630005,0.8999999761581421,4,29649,,,,,,
0.11143139004707336,0.8999999761581421,4,29699,,,,,,
0.22607511281967163,0.9333333373069763,4,29749,,,,,,
0.10274231433868408,0.9666666388511658,4,29799,,,,,,
0.14558592438697815,0.8999999761581421,4,29849,,,,,,
0.2110060304403305,0.9666666388511658,4,29899,,,,,,
0.08659546077251434,0.9666666388511658,4,29949,,,,,,
0.2711121439933777,0.8333333134651184,4,29999,,,,,,
0.17699317634105682,0.9333333373069763,4,30049,,,,,,
0.199378103017807,0.8666666746139526,4,30099,,,,,,
0.11548200994729996,0.9666666388511658,4,30149,,,,,,
,,4,30154,0.07879452407360077,0.9634622931480408,,,,
,,4,30154,,,0.1487596482038498,0.9418891072273254,,
0.18445059657096863,0.8333333134651184,5,30199,,,,,,
0.14696241915225983,0.8999999761581421,5,30249,,,,,,
0.1051877811551094,0.9666666388511658,5,30299,,,,,,
0.03521179407835007,1.0,5,30349,,,,,,
0.053203120827674866,1.0,5,30399,,,,,,
0.29266199469566345,0.8333333134651184,5,30449,,,,,,
0.12829670310020447,0.9666666388511658,5,30499,,,,,,
0.1422484666109085,0.8999999761581421,5,30549,,,,,,
0.1336928755044937,0.9666666388511658,5,30599,,,,,,
0.1336403340101242,0.8999999761581421,5,30649,,,,,,
0.2931602895259857,0.8666666746139526,5,30699,,,,,,
0.10136113315820694,0.9666666388511658,5,30749,,,,,,
0.14367611706256866,0.8999999761581421,5,30799,,,,,,
0.1976991444826126,0.9333333373069763,5,30849,,,,,,
0.09059090167284012,0.9333333373069763,5,30899,,,,,,
0.11533239483833313,0.9333333373069763,5,30949,,,,,,
0.15126696228981018,0.9333333373069763,5,30999,,,,,,
0.16091154515743256,0.9333333373069763,5,31049,,,,,,
0.10944192111492157,0.9333333373069763,5,31099,,,,,,
0.2592598795890808,0.8333333134651184,5,31149,,,,,,
0.051592834293842316,1.0,5,31199,,,,,,
0.15627984702587128,0.8999999761581421,5,31249,,,,,,
0.18622705340385437,0.8999999761581421,5,31299,,,,,,
0.19845156371593475,0.8999999761581421,5,31349,,,,,,
0.05457881838083267,0.9666666388511658,5,31399,,,,,,
0.10777286440134048,0.9333333373069763,5,31449,,,,,,
0.15989522635936737,0.8999999761581421,5,31499,,,,,,
0.20357465744018555,0.8666666746139526,5,31549,,,,,,
0.11288465559482574,0.9333333373069763,5,31599,,,,,,
0.12386908382177353,0.9333333373069763,5,31649,,,,,,
0.07824497669935226,1.0,5,31699,,,,,,
0.1368226259946823,0.8999999761581421,5,31749,,,,,,
0.10454888641834259,1.0,5,31799,,,,,,
0.15859274566173553,0.9666666388511658,5,31849,,,,,,
0.1148618832230568,0.9666666388511658,5,31899,,,,,,
0.09179871529340744,0.9333333373069763,5,31949,,,,,,
0.1757580190896988,0.8666666746139526,5,31999,,,,,,
0.08605218678712845,0.9333333373069763,5,32049,,,,,,
0.07997550070285797,1.0,5,32099,,,,,,
0.07155060768127441,1.0,5,32149,,,,,,
0.21646066009998322,0.9333333373069763,5,32199,,,,,,
0.11488783359527588,0.9666666388511658,5,32249,,,,,,
0.05624915659427643,1.0,5,32299,,,,,,
0.10409680753946304,0.9666666388511658,5,32349,,,,,,
0.09573642164468765,1.0,5,32399,,,,,,
0.19564537703990936,0.9333333373069763,5,32449,,,,,,
0.11935631185770035,0.9333333373069763,5,32499,,,,,,
0.1611303836107254,0.9333333373069763,5,32549,,,,,,
0.2358063906431198,0.9333333373069763,5,32599,,,,,,
0.10774583369493484,0.9666666388511658,5,32649,,,,,,
0.14232410490512848,0.8999999761581421,5,32699,,,,,,
0.105960913002491,0.9333333373069763,5,32749,,,,,,
0.1604028046131134,0.9666666388511658,5,32799,,,,,,
0.09252791106700897,0.9333333373069763,5,32849,,,,,,
0.2072761356830597,0.9666666388511658,5,32899,,,,,,
0.10474420338869095,0.9666666388511658,5,32949,,,,,,
0.13656148314476013,0.8999999761581421,5,32999,,,,,,
0.19714473187923431,0.8666666746139526,5,33049,,,,,,
0.1840810924768448,0.9333333373069763,5,33099,,,,,,
0.09382563084363937,0.9666666388511658,5,33149,,,,,,
0.13682743906974792,0.8999999761581421,5,33199,,,,,,
0.11638815701007843,0.9666666388511658,5,33249,,,,,,
0.07190045714378357,0.9666666388511658,5,33299,,,,,,
0.20235423743724823,0.9333333373069763,5,33349,,,,,,
0.11299583315849304,0.9333333373069763,5,33399,,,,,,
0.2605084180831909,0.9333333373069763,5,33449,,,,,,
0.06757263839244843,0.9666666388511658,5,33499,,,,,,
0.4198225438594818,0.9666666388511658,5,33549,,,,,,
0.28684768080711365,0.8999999761581421,5,33599,,,,,,
0.13183918595314026,0.9666666388511658,5,33649,,,,,,
0.5004739165306091,0.8999999761581421,5,33699,,,,,,
0.0921354740858078,0.9666666388511658,5,33749,,,,,,
0.12326880544424057,0.9666666388511658,5,33799,,,,,,
0.07436128705739975,0.9666666388511658,5,33849,,,,,,
0.03219390660524368,1.0,5,33899,,,,,,
0.20565304160118103,0.8666666746139526,5,33949,,,,,,
0.9529785513877869,0.800000011920929,5,33999,,,,,,
0.05033551901578903,0.9666666388511658,5,34049,,,,,,
0.15026670694351196,0.9333333373069763,5,34099,,,,,,
0.09289516508579254,0.9666666388511658,5,34149,,,,,,
0.14911575615406036,0.9333333373069763,5,34199,,,,,,
0.10045821219682693,1.0,5,34249,,,,,,
0.13084512948989868,0.9666666388511658,5,34299,,,,,,
0.11643432825803757,0.9333333373069763,5,34349,,,,,,
0.2787992060184479,0.8666666746139526,5,34399,,,,,,
0.19641394913196564,0.9333333373069763,5,34449,,,,,,
0.24173429608345032,0.9333333373069763,5,34499,,,,,,
0.17408184707164764,0.9333333373069763,5,34549,,,,,,
0.1594943255186081,0.9333333373069763,5,34599,,,,,,
0.10211987793445587,0.9333333373069763,5,34649,,,,,,
0.5148881673812866,0.8333333134651184,5,34699,,,,,,
0.11123188585042953,0.9666666388511658,5,34749,,,,,,
0.1032329574227333,0.9333333373069763,5,34799,,,,,,
0.11963699758052826,0.9666666388511658,5,34849,,,,,,
0.050381384789943695,1.0,5,34899,,,,,,
0.05797106400132179,1.0,5,34949,,,,,,
0.16060815751552582,0.9333333373069763,5,34999,,,,,,
0.10446446388959885,0.9333333373069763,5,35049,,,,,,
0.1332307755947113,0.9666666388511658,5,35099,,,,,,
0.11992767453193665,0.8999999761581421,5,35149,,,,,,
0.12416235357522964,0.9333333373069763,5,35199,,,,,,
0.09271109849214554,0.9666666388511658,5,35249,,,,,,
0.06765091419219971,0.9666666388511658,5,35299,,,,,,
0.19400924444198608,0.9333333373069763,5,35349,,,,,,
0.24581219255924225,0.8666666746139526,5,35399,,,,,,
0.06170016899704933,1.0,5,35449,,,,,,
0.1687953919172287,0.8999999761581421,5,35499,,,,,,
0.13100410997867584,0.9333333373069763,5,35549,,,,,,
0.08657629787921906,0.9666666388511658,5,35599,,,,,,
0.12337010353803635,0.9666666388511658,5,35649,,,,,,
0.16051898896694183,0.9333333373069763,5,35699,,,,,,
0.35532981157302856,0.8999999761581421,5,35749,,,,,,
0.06253255158662796,1.0,5,35799,,,,,,
0.14830900728702545,0.9666666388511658,5,35849,,,,,,
0.12654826045036316,0.9333333373069763,5,35899,,,,,,
0.20950119197368622,0.8999999761581421,5,35949,,,,,,
0.09490946680307388,1.0,5,35999,,,,,,
0.12314434349536896,0.9333333373069763,5,36049,,,,,,
0.23322246968746185,0.9333333373069763,5,36099,,,,,,
0.09478097409009933,0.9666666388511658,5,36149,,,,,,
,,5,36185,0.07684449851512909,0.9687040448188782,,,,
,,5,36185,,,0.14907099306583405,0.9409882426261902,,
0.09885057806968689,0.9666666388511658,6,36199,,,,,,
0.1351153552532196,0.9333333373069763,6,36249,,,,,,
0.26635241508483887,0.8999999761581421,6,36299,,,,,,
0.05893871933221817,1.0,6,36349,,,,,,
0.10808975249528885,0.9666666388511658,6,36399,,,,,,
0.059532854706048965,1.0,6,36449,,,,,,
0.12363088130950928,0.9333333373069763,6,36499,,,,,,
0.2728409171104431,0.8666666746139526,6,36549,,,,,,
0.11428315192461014,0.9333333373069763,6,36599,,,,,,
0.08509828895330429,0.9666666388511658,6,36649,,,,,,
0.09100810438394547,1.0,6,36699,,,,,,
0.13684909045696259,0.9333333373069763,6,36749,,,,,,
0.1936294436454773,0.8999999761581421,6,36799,,,,,,
0.07543937861919403,0.9666666388511658,6,36849,,,,,,
0.13891755044460297,0.9333333373069763,6,36899,,,,,,
0.7518680691719055,0.699999988079071,6,36949,,,,,,
0.13957960903644562,0.8999999761581421,6,36999,,,,,,
0.22422413527965546,0.8333333134651184,6,37049,,,,,,
0.05264490842819214,1.0,6,37099,,,,,,
0.05014657601714134,1.0,6,37149,,,,,,
0.16763171553611755,0.9666666388511658,6,37199,,,,,,
0.11759352684020996,0.9333333373069763,6,37249,,,,,,
0.07475597411394119,1.0,6,37299,,,,,,
0.10981815308332443,1.0,6,37349,,,,,,
0.16028322279453278,0.9333333373069763,6,37399,,,,,,
0.12718842923641205,0.8999999761581421,6,37449,,,,,,
0.08508920669555664,1.0,6,37499,,,,,,
0.06908449530601501,0.9666666388511658,6,37549,,,,,,
0.07155537605285645,0.9666666388511658,6,37599,,,,,,
0.08832873404026031,0.9666666388511658,6,37649,,,,,,
0.21820278465747833,0.8666666746139526,6,37699,,,,,,
0.4959312379360199,0.8666666746139526,6,37749,,,,,,
0.0933452844619751,0.9666666388511658,6,37799,,,,,,
0.14333318173885345,0.9333333373069763,6,37849,,,,,,
0.28312164545059204,0.9333333373069763,6,37899,,,,,,
0.06748975813388824,0.9333333373069763,6,37949,,,,,,
0.10856077075004578,0.9666666388511658,6,37999,,,,,,
0.06607896834611893,0.9666666388511658,6,38049,,,,,,
0.06813690811395645,1.0,6,38099,,,,,,
0.06811148673295975,0.9666666388511658,6,38149,,,,,,
0.1815664917230606,0.9666666388511658,6,38199,,,,,,
0.11783034354448318,0.9333333373069763,6,38249,,,,,,
0.12873168289661407,0.9333333373069763,6,38299,,,,,,
0.08951497077941895,0.9666666388511658,6,38349,,,,,,
0.3205500841140747,0.9333333373069763,6,38399,,,,,,
0.07781538367271423,1.0,6,38449,,,,,,
0.10413222759962082,0.8999999761581421,6,38499,,,,,,
0.075166717171669,1.0,6,38549,,,,,,
0.06897779554128647,0.9666666388511658,6,38599,,,,,,
0.2220160812139511,0.8999999761581421,6,38649,,,,,,
0.45901209115982056,0.8333333134651184,6,38699,,,,,,
0.11607447266578674,0.8999999761581421,6,38749,,,,,,
0.10182908922433853,0.9333333373069763,6,38799,,,,,,
0.07392767816781998,0.9666666388511658,6,38849,,,,,,
0.34980887174606323,0.800000011920929,6,38899,,,,,,
0.06502953171730042,1.0,6,38949,,,,,,
0.09044300019741058,0.9666666388511658,6,38999,,,,,,
0.16044767200946808,0.8999999761581421,6,39049,,,,,,
0.4561536908149719,0.9666666388511658,6,39099,,,,,,
0.1861872375011444,0.8666666746139526,6,39149,,,,,,
0.02627362497150898,1.0,6,39199,,,,,,
0.03411644697189331,1.0,6,39249,,,,,,
0.07294102758169174,1.0,6,39299,,,,,,
0.16916343569755554,0.8666666746139526,6,39349,,,,,,
0.16190582513809204,0.8999999761581421,6,39399,,,,,,
0.18922299146652222,0.8999999761581421,6,39449,,,,,,
0.052609093487262726,1.0,6,39499,,,,,,
0.1318081021308899,0.9333333373069763,6,39549,,,,,,
0.029778724536299706,1.0,6,39599,,,,,,
0.18885932862758636,0.9333333373069763,6,39649,,,,,,
0.18056587874889374,0.8999999761581421,6,39699,,,,,,
0.06241791695356369,1.0,6,39749,,,,,,
0.20035667717456818,0.8999999761581421,6,39799,,,,,,
0.08083008229732513,0.9333333373069763,6,39849,,,,,,
0.36497896909713745,0.8999999761581421,6,39899,,,,,,
0.07278776913881302,0.9666666388511658,6,39949,,,,,,
0.20722369849681854,0.9666666388511658,6,39999,,,,,,
0.14206260442733765,0.9666666388511658,6,40049,,,,,,
0.011520716361701488,1.0,6,40099,,,,,,
0.06781811267137527,0.9666666388511658,6,40149,,,,,,
0.15006281435489655,0.9333333373069763,6,40199,,,,,,
0.0876372829079628,1.0,6,40249,,,,,,
0.13115312159061432,0.9333333373069763,6,40299,,,,,,
0.07016245275735855,1.0,6,40349,,,,,,
0.04829567298293114,1.0,6,40399,,,,,,
0.14352162182331085,0.8999999761581421,6,40449,,,,,,
0.12175614386796951,0.9333333373069763,6,40499,,,,,,
0.09870680421590805,0.9666666388511658,6,40549,,,,,,
0.18626809120178223,0.8999999761581421,6,40599,,,,,,
0.0525234192609787,1.0,6,40649,,,,,,
0.14309969544410706,0.9333333373069763,6,40699,,,,,,
0.08606245368719101,0.9333333373069763,6,40749,,,,,,
0.06406416743993759,0.9666666388511658,6,40799,,,,,,
0.11028888076543808,0.9666666388511658,6,40849,,,,,,
0.08245309442281723,0.9666666388511658,6,40899,,,,,,
0.10580290853977203,0.9333333373069763,6,40949,,,,,,
0.05549245327711105,1.0,6,40999,,,,,,
0.07376738637685776,0.9666666388511658,6,41049,,,,,,
0.08527232706546783,0.9333333373069763,6,41099,,,,,,
0.08235486596822739,1.0,6,41149,,,,,,
0.2727091908454895,0.9333333373069763,6,41199,,,,,,
0.04232388734817505,1.0,6,41249,,,,,,
0.07106397300958633,1.0,6,41299,,,,,,
0.1427147537469864,0.8999999761581421,6,41349,,,,,,
0.12222068011760712,0.9333333373069763,6,41399,,,,,,
0.10645956546068192,0.9333333373069763,6,41449,,,,,,
0.1265604943037033,0.9666666388511658,6,41499,,,,,,
0.1885599046945572,0.9333333373069763,6,41549,,,,,,
0.12909811735153198,0.9333333373069763,6,41599,,,,,,
0.1543409824371338,0.9333333373069763,6,41649,,,,,,
0.06638024747371674,1.0,6,41699,,,,,,
0.17640404403209686,0.9333333373069763,6,41749,,,,,,
0.15651877224445343,0.9333333373069763,6,41799,,,,,,
0.089870885014534,0.9666666388511658,6,41849,,,,,,
0.24368278682231903,0.8666666746139526,6,41899,,,,,,
0.19538705050945282,0.9333333373069763,6,41949,,,,,,
0.10019172728061676,1.0,6,41999,,,,,,
0.04714507982134819,1.0,6,42049,,,,,,
0.3018118739128113,0.8333333134651184,6,42099,,,,,,
0.17616352438926697,0.8999999761581421,6,42149,,,,,,
0.10162370651960373,0.9666666388511658,6,42199,,,,,,
,,6,42216,0.07313350588083267,0.9697678685188293,,,,
,,6,42216,,,0.14596067368984222,0.9415077567100525,,
0.05124213919043541,1.0,7,42249,,,,,,
0.14220328629016876,0.9666666388511658,7,42299,,,,,,
0.08657433837652206,1.0,7,42349,,,,,,
0.1931135356426239,0.8999999761581421,7,42399,,,,,,
0.16244086623191833,0.9666666388511658,7,42449,,,,,,
0.06883584707975388,1.0,7,42499,,,,,,
0.23730704188346863,0.8999999761581421,7,42549,,,,,,
0.23322011530399323,0.9333333373069763,7,42599,,,,,,
0.07004617154598236,0.9666666388511658,7,42649,,,,,,
0.11489096283912659,0.9666666388511658,7,42699,,,,,,
0.22886309027671814,0.8666666746139526,7,42749,,,,,,
0.06461479514837265,1.0,7,42799,,,,,,
0.08877260982990265,0.9666666388511658,7,42849,,,,,,
0.12673793733119965,0.9666666388511658,7,42899,,,,,,
0.19709603488445282,0.8999999761581421,7,42949,,,,,,
0.0928153544664383,0.9666666388511658,7,42999,,,,,,
0.10369310528039932,0.9333333373069763,7,43049,,,,,,
0.1699213832616806,0.9333333373069763,7,43099,,,,,,
0.10537128150463104,0.9666666388511658,7,43149,,,,,,
0.06707171350717545,0.9666666388511658,7,43199,,,,,,
0.10647719353437424,1.0,7,43249,,,,,,
0.07193586230278015,0.9666666388511658,7,43299,,,,,,
0.12418102473020554,0.9666666388511658,7,43349,,,,,,
0.1744951456785202,0.9333333373069763,7,43399,,,,,,
0.0743865892291069,1.0,7,43449,,,,,,
0.058942366391420364,0.9666666388511658,7,43499,,,,,,
0.10494682937860489,0.9333333373069763,7,43549,,,,,,
0.10583093017339706,0.9333333373069763,7,43599,,,,,,
0.074848972260952,1.0,7,43649,,,,,,
0.10835433751344681,0.9666666388511658,7,43699,,,,,,
0.06506609171628952,1.0,7,43749,,,,,,
0.26806050539016724,0.8666666746139526,7,43799,,,,,,
0.11946519464254379,0.9666666388511658,7,43849,,,,,,
0.3119317591190338,0.800000011920929,7,43899,,,,,,
0.14543096721172333,0.8999999761581421,7,43949,,,,,,
0.04362894594669342,1.0,7,43999,,,,,,
0.27538222074508667,0.8999999761581421,7,44049,,,,,,
0.13731350004673004,0.8999999761581421,7,44099,,,,,,
0.11478672921657562,0.9666666388511658,7,44149,,,,,,
0.364869087934494,0.8999999761581421,7,44199,,,,,,
0.1258154958486557,0.8999999761581421,7,44249,,,,,,
0.02559738978743553,1.0,7,44299,,,,,,
0.2690841555595398,0.8666666746139526,7,44349,,,,,,
0.10888282209634781,0.9333333373069763,7,44399,,,,,,
0.17518453299999237,0.9666666388511658,7,44449,,,,,,
0.08572328090667725,1.0,7,44499,,,,,,
0.11889118701219559,0.9333333373069763,7,44549,,,,,,
0.09930995106697083,0.9333333373069763,7,44599,,,,,,
0.01930300146341324,1.0,7,44649,,,,,,
0.1441970318555832,0.9333333373069763,7,44699,,,,,,
0.14568035304546356,0.8999999761581421,7,44749,,,,,,
0.119488924741745,0.9666666388511658,7,44799,,,,,,
0.06419575214385986,0.9666666388511658,7,44849,,,,,,
0.12861134111881256,0.9333333373069763,7,44899,,,,,,
0.1601775735616684,0.9666666388511658,7,44949,,,,,,
0.09074309468269348,0.9333333373069763,7,44999,,,,,,
0.0735221654176712,1.0,7,45049,,,,,,
0.056520726531744,1.0,7,45099,,,,,,
0.056278835982084274,1.0,7,45149,,,,,,
0.09361891448497772,0.9333333373069763,7,45199,,,,,,
0.10792796313762665,1.0,7,45249,,,,,,
0.07846052199602127,1.0,7,45299,,,,,,
0.06137887015938759,1.0,7,45349,,,,,,
0.09832555800676346,0.9333333373069763,7,45399,,,,,,
0.15663942694664001,0.9333333373069763,7,45449,,,,,,
0.09183463454246521,0.9666666388511658,7,45499,,,,,,
0.26333361864089966,0.8999999761581421,7,45549,,,,,,
0.14048680663108826,0.8999999761581421,7,45599,,,,,,
0.25290653109550476,0.8666666746139526,7,45649,,,,,,
0.08594818413257599,0.9333333373069763,7,45699,,,,,,
0.22075989842414856,0.8666666746139526,7,45749,,,,,,
0.10264040529727936,0.9666666388511658,7,45799,,,,,,
0.030085528269410133,1.0,7,45849,,,,,,
0.3425344228744507,0.8999999761581421,7,45899,,,,,,
0.05541158467531204,0.9666666388511658,7,45949,,,,,,
0.1107528954744339,1.0,7,45999,,,,,,
0.07919669151306152,1.0,7,46049,,,,,,
0.11144187301397324,0.9333333373069763,7,46099,,,,,,
0.04524598270654678,1.0,7,46149,,,,,,
0.16362623870372772,0.9666666388511658,7,46199,,,,,,
0.10895714908838272,0.9666666388511658,7,46249,,,,,,
0.09364356845617294,0.9666666388511658,7,46299,,,,,,
0.2237730324268341,0.8999999761581421,7,46349,,,,,,
0.0977947935461998,0.9666666388511658,7,46399,,,,,,
0.09375438839197159,0.9666666388511658,7,46449,,,,,,
0.09395521134138107,0.9333333373069763,7,46499,,,,,,
0.12214643508195877,1.0,7,46549,,,,,,
0.10458748787641525,0.9666666388511658,7,46599,,,,,,
0.18353399634361267,0.8999999761581421,7,46649,,,,,,
0.14220742881298065,0.9666666388511658,7,46699,,,,,,
0.08972585201263428,1.0,7,46749,,,,,,
0.11104705184698105,0.9666666388511658,7,46799,,,,,,
0.10395388305187225,0.9333333373069763,7,46849,,,,,,
0.32906755805015564,0.8666666746139526,7,46899,,,,,,
0.13619062304496765,0.9333333373069763,7,46949,,,,,,
0.1315031796693802,0.9333333373069763,7,46999,,,,,,
0.10749980807304382,0.9333333373069763,7,47049,,,,,,
0.2015836536884308,0.8666666746139526,7,47099,,,,,,
0.21283714473247528,0.8999999761581421,7,47149,,,,,,
0.14554676413536072,0.8999999761581421,7,47199,,,,,,
0.2773372530937195,0.8666666746139526,7,47249,,,,,,
0.06706187129020691,1.0,7,47299,,,,,,
0.12868477404117584,0.9666666388511658,7,47349,,,,,,
0.0456417016685009,1.0,7,47399,,,,,,
0.14208707213401794,0.9333333373069763,7,47449,,,,,,
0.14590993523597717,0.9666666388511658,7,47499,,,,,,
0.10105843096971512,1.0,7,47549,,,,,,
0.041443172842264175,1.0,7,47599,,,,,,
0.20279444754123688,0.8666666746139526,7,47649,,,,,,
0.24378900229930878,0.8333333134651184,7,47699,,,,,,
0.20925305783748627,0.8999999761581421,7,47749,,,,,,
0.16861289739608765,0.9666666388511658,7,47799,,,,,,
0.15041255950927734,0.9333333373069763,7,47849,,,,,,
0.15930844843387604,0.8999999761581421,7,47899,,,,,,
0.08995072543621063,0.9333333373069763,7,47949,,,,,,
0.14796407520771027,0.9333333373069763,7,47999,,,,,,
0.24056380987167358,0.8999999761581421,7,48049,,,,,,
0.04800950363278389,1.0,7,48099,,,,,,
0.05921344459056854,1.0,7,48149,,,,,,
0.13470134139060974,0.9666666388511658,7,48199,,,,,,
,,7,48247,0.07338958978652954,0.9696518182754517,,,,
,,7,48247,,,0.14511892199516296,0.9417675137519836,,
,,8,48248,,,,,0.07353536039590836,0.9694004058837891
